year,rain,gdf,rd,wd,county
1945,94.8,16.5,28,19,Donegal
1946,89.85,14.76,19.7,15.7,Donegal
1947,92.83,20.04,17.67,14,Donegal
1948,84.83,17.46,19.25,14.75,Donegal
1949,100.72,19.32,21.83,17.58,Donegal
1950,117.73,18.92,21.58,18.67,Donegal
1951,96.6,15.34,20.5,15.67,Donegal
1952,84.1,14.83,20.17,15.17,Donegal
1953,81.97,16.71,19.17,13.83,Donegal
1954,113.68,21.17,22.92,17.83,Donegal
1955,79.02,19.04,18.42,13.58,Donegal
1956,90.04,20.08,21.17,16.08,Donegal
1957,91.42,18.66,19.92,15,Donegal
1958,86.59,16.04,19.75,15.5,Donegal
1959,79.83,14.97,17.33,13.92,Donegal
1960,92.58,17.48,21.17,16.25,Donegal
1961,86.2,18.53,18.92,15.25,Donegal
1962,84.18,16.94,17.58,12.92,Donegal
1963,74.34,14.47,18.08,12.83,Donegal
1964,86.52,16.7,19,14.67,Donegal
1965,98.35,21.31,19.33,15.75,Donegal
1966,88.71,16.98,20.5,16.42,Donegal
1967,86.73,15.15,21.5,16.42,Donegal
1968,89.6,19.43,18.4,14.2,Donegal
1969,83.25,15.95,20.25,15.33,Donegal
1970,96.68,19.91,21.83,16,Donegal
1971,79.22,15.74,18.75,13.33,Donegal
1972,85.42,15.28,18.67,14.67,Donegal
1973,86.67,17.22,20.08,14.92,Donegal
1974,93.95,14.02,21.75,16.83,Donegal
1975,76.5,14.34,18.08,12.92,Donegal
1976,77.87,14.11,18.75,14.5,Donegal
1977,84.54,15.61,19.73,16.27,Donegal
1978,97.43,18.88,19.92,15.67,Donegal
1979,100.88,19.42,21.67,17.75,Donegal
1980,99.14,16.41,21.5,17.33,Donegal
1981,104.26,17.16,21.5,16.5,Donegal
1982,95.77,16.2,20.42,16.42,Donegal
1983,89.03,16.45,18.5,14.92,Donegal
1984,86.79,16.13,18.25,14.75,Donegal
1985,94.63,17.88,20.25,15.5,Donegal
1986,107.27,17.02,20.75,17.33,Donegal
1987,75.76,16.2,17.92,13.75,Donegal
1988,99.44,16.83,20.17,16.58,Donegal
1989,88.24,17.51,19.08,15.42,Donegal
1990,107.29,17.23,20.42,17.08,Donegal
1991,92.12,16.88,18.73,14.55,Donegal
1992,107.45,18.34,21.5,17.08,Donegal
1993,97.27,16.91,20.5,15.08,Donegal
1994,99.63,15.05,20.92,16.58,Donegal
1995,103.54,19.99,20.08,16,Donegal
1996,81.33,14.58,18.58,14.42,Donegal
1997,88.73,17.58,18.5,13.92,Donegal
1998,113.54,18.61,22.5,18,Donegal
1999,120.24,22.17,21.67,18.33,Donegal
2000,110.45,19.57,21.5,17.08,Donegal
2001,87.99,17.12,19.92,15.33,Donegal
2002,115.05,20.4,20.67,16.67,Donegal
2003,77.67,13.72,18.58,14.75,Donegal
2004,102.32,20.02,21.17,15.83,Donegal
2005,92.22,17.22,19.83,14.75,Donegal
2006,106.56,18.33,19.83,15.92,Donegal
2007,100.76,21.17,20.83,15.67,Donegal
2008,109.95,17.44,22.17,18.33,Donegal
2009,114.57,17.36,21.83,17.83,Donegal
2010,75.62,15.82,18.42,13.5,Donegal
2011,113.41,21.32,21.75,17.42,Donegal
2012,105.17,20.84,22,16.5,Donegal
2013,93.56,16.52,21,16.42,Donegal
2014,115.09,21.93,22.67,17.25,Donegal
2015,128.84,21.74,20.83,16.83,Donegal
2016,95.64,15.11,20.58,16,Donegal
2017,102.72,19.76,22,16.58,Donegal
2018,84.66,16.09,19.75,14.5,Donegal
2019,88.3,18.93,17.67,14,Donegal
1964,104.97,26.6,19,12,Waterford
1965,111.79,20.86,16.75,14.33,Waterford
1966,120.11,25.04,18.42,14.83,Waterford
1967,102.08,23.15,16.83,13.58,Waterford
1968,112.25,27.86,16.42,14.17,Waterford
1969,78.01,17.84,14.5,11.58,Waterford
1970,90.17,21.87,15.92,13.08,Waterford
1971,81.52,19.03,14.75,12,Waterford
1972,108.8,20.33,16.25,13.83,Waterford
1973,93.07,24.94,16.25,12.17,Waterford
1974,108.34,21.99,16.92,14.33,Waterford
1975,81.48,21.88,14.5,11.2,Waterford
1976,90.68,22.21,14.43,10.71,Waterford
1977,115.51,28.26,15.56,12.33,Waterford
1978,115.55,32.29,14.57,12.71,Waterford
1979,108.17,31.46,15.78,13.89,Waterford
1980,115.12,22.12,17.5,14.58,Waterford
1981,99.04,19.97,14.91,12,Waterford
1982,132.54,32.3,18,15.55,Waterford
1983,97.91,23.65,17.92,14.08,Waterford
1984,107.45,27.12,14.67,12.08,Waterford
1985,112.47,29.9,16.5,13,Waterford
1986,110.57,24.42,17,13.73,Waterford
1987,106.38,29.11,16.33,13.17,Waterford
1988,119.74,27.79,17.67,14.5,Waterford
1989,89.91,18.48,15.92,13.42,Waterford
1990,97.7,24.09,16.25,12.83,Waterford
1991,93.82,22.25,16,12.42,Waterford
1992,89.28,23.46,17.5,13.67,Waterford
1993,127.68,37.62,17.42,12.58,Waterford
1994,135.54,29.48,20.08,15.83,Waterford
1995,112.73,24.87,16,13.5,Waterford
1996,146.34,38.33,15.25,12.58,Waterford
1997,132.28,40.02,16.58,13.08,Waterford
1998,120.99,25.12,19.33,15.25,Waterford
1999,93.21,21.59,17.67,13.58,Waterford
2000,112.99,24.78,18.67,14.58,Waterford
2001,101.73,30.37,16.58,12.92,Waterford
2002,136.85,25.83,18.58,15.5,Waterford
2003,96.26,25.73,14.67,11.83,Waterford
2004,103.97,27.79,14.5,11.92,Waterford
2005,120.39,33.92,15.67,12.17,Waterford
2006,118.28,28.87,16.33,12.83,Waterford
2007,96.36,23.06,16.67,12.75,Waterford
2008,109.37,25.37,16.08,13.33,Waterford
2009,145.91,27.82,18.42,14.58,Waterford
2010,97.36,31.33,12.75,9.5,Waterford
2011,89.31,23.35,17.5,12.92,Waterford
2012,105.82,23.71,18.33,14.17,Waterford
2013,100.45,26.32,14.92,11.58,Waterford
2014,113.22,23.22,17.17,13.42,Waterford
2015,120.83,28.48,16.58,13.5,Waterford
2016,102.11,26.19,14.58,12.08,Waterford
2017,107.12,27.91,17.33,12.92,Waterford
2018,112.82,24.29,16.58,13.5,Waterford
2019,106.85,30.8,17.17,12.67,Waterford
1952,78.1,13.77,16.67,12.33,Louth
1953,51.45,14.46,14.5,10.83,Louth
1954,78.72,18.03,17.25,12.92,Louth
1955,57.1,16.13,13.75,10.25,Louth
1956,64.69,15.31,15.17,10.5,Louth
1957,67.5,16.04,16.08,11.92,Louth
1958,92.6,20.52,18.5,13.75,Louth
1959,61.62,16.51,13.42,10.5,Louth
1960,77.9,19.27,17,12.58,Louth
1961,59.91,14.17,14.58,11.17,Louth
1962,56.87,13.8,15.42,11,Louth
1963,60.07,13.92,16,12.58,Louth
1964,61.24,18.46,15.82,9.82,Louth
1965,70.13,15.81,16.58,11.42,Louth
1966,88.26,20.83,18.25,12.75,Louth
1967,69.93,19.39,17,12,Louth
1968,69.09,19.24,15.42,10.92,Louth
1969,61.68,17.54,13.33,9.5,Louth
1970,62.18,14.47,17.17,11.67,Louth
1971,46.28,14.37,12.55,8.36,Louth
1972,59.05,14.16,14.92,11.33,Louth
1973,53.86,15.5,15.33,10.5,Louth
1974,66.12,16.97,16.33,11.33,Louth
1975,50.03,13.27,14.08,9.42,Louth
1976,64.2,15.86,14.42,10,Louth
1977,66.7,14.49,16.08,12.5,Louth
1978,66.31,13.92,15.83,11.83,Louth
1979,67.98,14.72,16.73,12.73,Louth
1980,66.35,13.73,16.5,12.08,Louth
1981,60.25,12.92,15.17,10.67,Louth
1982,56.23,11.77,15.82,11.73,Louth
1983,45.17,12.89,13.25,8.88,Louth
1984,55.45,14.89,12.9,9.2,Louth
1985,63.86,17.27,16.62,11.12,Louth
1986,15.33,4.1,7.67,4,Louth
1987,52.15,14.5,16.5,11,Louth
1989,55.8,16.45,14.5,12,Louth
1990,59.96,15.13,14.92,10.83,Louth
1991,54.31,14.13,13,9,Louth
1992,54.13,14.41,14.36,10.18,Louth
1993,65.96,18.39,14.67,10.17,Louth
1994,67.3,11.64,16.5,13.25,Louth
1995,65.2,16.19,12.09,9,Louth
1996,62.21,16.07,14.83,11,Louth
1997,62.29,15.08,13.75,9.92,Louth
1998,71.11,13.27,17,12.83,Louth
1999,69.31,17.59,15.73,11.36,Louth
2000,70.02,14,16.75,12.58,Louth
2001,46.91,12.26,14.17,9.25,Louth
2002,91.48,23.13,18.33,13.92,Louth
2003,51.61,12.44,13.83,10.08,Louth
2004,57.23,16.1,14.83,10.42,Louth
2005,52.39,13.63,14.33,11,Louth
2006,72.98,16.19,14.83,11.25,Louth
2007,61.33,11.81,14.75,10.83,Louth
2008,72.39,18.15,15.09,11.73,Louth
2009,70.53,15.85,15.5,12.08,Louth
2010,64.96,18.82,12.42,10.17,Louth
2011,58.68,15.5,15.5,10.58,Louth
2012,71.76,15.03,16.42,12.67,Louth
2013,69.89,17.48,14.75,10.92,Louth
2014,76.37,16.98,16.25,13.33,Louth
2015,76.48,17.41,17.08,12.92,Louth
2016,57.27,14.89,15.75,11.5,Louth
2017,53.67,14.58,16.17,10.67,Louth
2018,58.55,12.55,15.5,10.83,Louth
2019,61.92,16.65,15.17,10,Louth
1944,100.77,20.44,20.89,15.33,Roscommon
1945,89.93,15.08,19.58,15.33,Roscommon
1946,92.97,17.15,18.67,14.83,Roscommon
1947,101.12,22.17,17.25,14.75,Roscommon
1948,93.89,17.85,17.75,15.08,Roscommon
1949,91.2,15.71,19.75,16,Roscommon
1950,101.95,17.78,20.67,17.08,Roscommon
1951,94.85,16.31,19.25,15.83,Roscommon
1952,71.27,12.26,16.58,13.25,Roscommon
1953,76.46,15.95,18,14.08,Roscommon
1954,114.27,24.02,21.92,17.92,Roscommon
1955,84.53,21.47,16.17,12.33,Roscommon
1956,91.38,17.72,18.5,14.67,Roscommon
1957,91.25,18.89,18.58,14.67,Roscommon
1958,99.72,18.13,20.08,16.75,Roscommon
1959,94.67,20.67,17.58,14.5,Roscommon
1960,99.93,19.81,20.25,15.75,Roscommon
1961,91.73,20.83,19.58,14.75,Roscommon
1962,83.74,17.51,17.42,13.33,Roscommon
1963,77.73,17.23,17.92,13,Roscommon
1964,88.41,17.53,18.75,15,Roscommon
1965,100.94,19.07,20.18,15.45,Roscommon
1966,95.68,20.8,20.36,16.45,Roscommon
1967,93.86,20.49,21.67,18.11,Roscommon
1968,102.69,28.29,17.44,15.11,Roscommon
1969,72.72,15.32,18.82,15.64,Roscommon
1970,93.65,15.91,20,15.7,Roscommon
1971,71.05,15.5,16,13,Roscommon
1972,84.6,1.5,0,0,Roscommon
1973,87.56,18.8,0,0,Roscommon
1974,93.85,14.45,14.67,10,Roscommon
1975,79.92,13.3,0,0,Roscommon
1976,76.66,15.9,8.5,6.5,Roscommon
1977,76.65,18.2,0,0,Roscommon
1978,0,0,0,0,Roscommon
1979,114.16,17.92,25.5,18.88,Roscommon
1980,116.02,22.29,29.42,18.75,Roscommon
1981,111.37,20.09,27.9,18.2,Roscommon
1982,108.12,17.44,27.27,18,Roscommon
1983,98.27,16.69,26.18,13.91,Roscommon
1984,96.21,15.76,25,15,Roscommon
1985,100.76,19.29,29,18.14,Roscommon
1986,123.08,24.18,29.5,20.1,Roscommon
1987,84.33,14.38,27,13.2,Roscommon
1988,114.06,22.2,27.83,21.67,Roscommon
1989,111.41,22.74,23.8,16,Roscommon
1990,120.21,19.05,26.73,17.82,Roscommon
1991,104.02,18.58,26.91,14.45,Roscommon
1992,120.03,23.96,25.8,17.2,Roscommon
1993,107.17,18.33,26.43,15.71,Roscommon
1994,112.56,19.55,26.36,17.45,Roscommon
1995,103.91,23.66,24.9,16.2,Roscommon
1996,96,17.88,21.8,14.6,Roscommon
1997,105.87,18.57,22,15.25,Roscommon
1998,117.43,22.16,25.2,18.3,Roscommon
1999,115.25,19.71,25.3,17.1,Roscommon
2000,117.51,17.62,24.89,18.44,Roscommon
2001,95.99,18.8,22,16.5,Roscommon
2002,129,18.34,25.56,17.33,Roscommon
2003,87.41,16.96,22.29,14.29,Roscommon
2004,99.99,18.65,21.5,15.25,Roscommon
2005,95.41,19.51,20.33,14.92,Roscommon
2006,102.32,18.57,20,15.92,Roscommon
2007,101.44,21.8,19.75,15.75,Roscommon
2008,117.27,20.08,22.08,17.33,Roscommon
2009,119.01,17.53,21.25,16.75,Roscommon
2010,86.57,18.65,19.2,14.1,Roscommon
2011,116.44,21.58,22.25,17.67,Roscommon
2012,108.37,23.71,22.25,17,Roscommon
2013,99.44,21.3,19.5,15.08,Roscommon
2014,115.04,19.09,22.08,17.33,Roscommon
2015,133.16,24.38,21.83,17,Roscommon
2016,94.45,16.27,21.67,15.67,Roscommon
2017,104.38,18.06,24,17.5,Roscommon
2018,98.07,19.24,20.92,16.08,Roscommon
2019,98.75,20.28,20.17,15,Roscommon
1955,62.87,13.65,14.56,11.67,Offaly
1956,70.64,15.48,18,12.08,Offaly
1957,69.41,14.83,16.33,12.75,Offaly
1958,77.51,16.74,18.17,13.08,Offaly
1959,69.38,16.43,16.25,11.25,Offaly
1960,90.69,20.78,19.25,14.25,Offaly
1961,67.17,15.69,15.92,12,Offaly
1962,68.74,16.07,17.17,12.08,Offaly
1963,63.67,11.92,17.5,12.5,Offaly
1964,64.98,14.5,18.33,12.25,Offaly
1965,86.01,18.12,18.75,14.5,Offaly
1966,79.46,16.06,18.75,13.92,Offaly
1967,70.33,16.98,18.33,13,Offaly
1968,76.49,24.25,16.4,13.1,Offaly
1969,58.4,12.73,16.92,11.5,Offaly
1970,72.78,15.74,18.42,13.42,Offaly
1971,50.95,14.15,15.08,10.67,Offaly
1972,66.83,13.64,16.5,12.67,Offaly
1973,71.13,16.84,18.08,12.5,Offaly
1974,75.54,17.08,19.42,14.08,Offaly
1975,63.2,16,15.42,10.5,Offaly
1976,69.7,15.38,16.08,11.42,Offaly
1977,74.48,15.72,17.6,14.3,Offaly
1978,73.67,16.38,17.5,12.58,Offaly
1979,77.41,15.69,20.33,15,Offaly
1980,81.26,17.48,19.17,13.83,Offaly
1981,77.93,16.17,18.92,14.33,Offaly
1982,81.39,14.24,19.25,14.5,Offaly
1983,80.51,18.38,18.25,13.33,Offaly
1984,80.74,20.26,17.5,12.08,Offaly
1985,78.43,15.33,18.83,13.75,Offaly
1986,83.41,15.4,19.92,14.5,Offaly
1987,66.02,17,17.08,12.58,Offaly
1988,78.8,14.63,18.08,13.58,Offaly
1989,62.66,12.87,16.67,11.75,Offaly
1990,80.73,18.03,17.25,13.25,Offaly
1991,69.55,14.02,17.58,12.08,Offaly
1992,72.07,18.52,17.75,13.17,Offaly
1993,81.65,18.99,18,13.67,Offaly
1994,87.62,16.55,18.3,14.1,Offaly
1995,73.92,15.67,16.5,11.42,Offaly
1996,71.66,17.44,15.58,11.67,Offaly
1997,78.08,20.5,16.08,12.08,Offaly
1998,82.09,14.93,19.75,15.5,Offaly
1999,81.61,17.07,17.75,13.08,Offaly
2000,76.07,17.98,19.42,14,Offaly
2001,57.9,13.48,16.67,11,Offaly
2002,90.64,15.96,19,14.75,Offaly
2003,59.07,15.3,15.58,11,Offaly
2004,75.88,17.89,18,11.75,Offaly
2005,66.63,17.78,17.58,11.33,Offaly
2006,81.59,16.77,17.58,12.5,Offaly
2007,73.28,16.07,17.83,12.67,Offaly
2008,92.94,17.76,18.33,14.5,Offaly
2009,88.59,19.12,19.08,14.08,Offaly
2010,73.97,19.54,14.58,10.5,Offaly
2011,73.67,15.44,18.83,13.25,Offaly
2012,93.67,20.32,19.67,14.08,Offaly
2013,81.67,16.47,16.17,12.25,Offaly
2014,96.48,21.92,18.92,14.83,Offaly
2015,96.15,18.45,18.25,14,Offaly
2016,73.71,16.12,17.75,12.83,Offaly
2017,77.36,18.88,18.75,13.83,Offaly
2018,69.34,13.43,17.83,12.58,Offaly
2019,72.82,17.28,17,12.67,Offaly
1945,79.75,,,,Clare
1946,82.27,,,,Clare
1947,85.53,,,,Clare
1948,88.37,,,,Clare
1949,75.86,,,,Clare
1950,83.4,,,,Clare
1951,84.38,,,,Clare
1952,64.15,,,,Clare
1953,64.81,,,,Clare
1954,82.91,,,,Clare
1955,65.02,,,,Clare
1956,78.7,,,,Clare
1957,73.51,,,,Clare
1958,78.31,,,,Clare
1959,80.76,,,,Clare
1960,97.94,,,,Clare
1961,75.37,,,,Clare
1962,76.77,,,,Clare
1963,65.78,,,,Clare
1964,79.26,,,,Clare
1965,80.67,,,,Clare
1966,81.47,,,,Clare
1967,73.17,,,,Clare
1968,78.44,,,,Clare
1969,68.68,,,,Clare
1970,78.48,,,,Clare
1971,59.09,,,,Clare
1972,74.57,,,,Clare
1973,78.48,,,,Clare
1974,87.71,,,,Clare
1975,67.57,,,,Clare
1976,71.98,,,,Clare
1977,75.24,,,,Clare
1978,74.65,,,,Clare
1979,92.83,,,,Clare
1980,87.12,,,,Clare
1981,73.04,,,,Clare
1982,91.16,,,,Clare
1983,79.62,,,,Clare
1984,75.34,,,,Clare
1985,74.78,,,,Clare
1986,87.3,,,,Clare
1987,63.11,,,,Clare
1988,89.92,,,,Clare
1989,70.13,,,,Clare
1990,85.32,,,,Clare
1991,73.3,,,,Clare
1992,76.32,,,,Clare
1993,79.83,,,,Clare
1994,99.53,,,,Clare
1995,85.98,,,,Clare
1996,73.83,,,,Clare
1997,85.57,,,,Clare
1998,95.38,,,,Clare
1999,91.33,,,,Clare
2000,91.42,,,,Clare
2001,66.12,,,,Clare
2002,89.08,,,,Clare
2003,64.44,,,,Clare
2004,75.31,,,,Clare
2005,76.18,,,,Clare
2006,80.71,,,,Clare
2007,76.79,,,,Clare
2008,105.77,,,,Clare
2009,97.14,,,,Clare
2010,70.42,,,,Clare
2011,84.74,,,,Clare
2012,87.23,,,,Clare
2013,77.73,,,,Clare
2014,97.52,,,,Clare
2015,105.66,,,,Clare
2016,76.12,,,,Clare
2017,89.02,,,,Clare
2018,80.42,,,,Clare
2019,81.2,,,,Clare
1944,240.55,36.6,27,22.5,Cavan
1945,144.92,27.35,21.25,18.08,Cavan
1946,173.77,29.14,20.92,17.58,Cavan
1947,154.09,29.54,20.27,17.27,Cavan
1948,164.78,32.27,20.75,18.42,Cavan
1949,153.95,27.66,22.25,18.92,Cavan
1950,162.95,28.6,23.08,20.25,Cavan
1951,139.6,23.85,21.67,17.42,Cavan
1952,117.53,20.54,20.92,16.25,Cavan
1953,126.15,26.07,20,16.17,Cavan
1954,202.58,33.71,24.08,20.5,Cavan
1955,132.38,28.72,18.08,14.67,Cavan
1956,147.57,30.67,22.33,18.17,Cavan
1957,157.73,25.69,21.17,17.5,Cavan
1958,150.91,26.28,22.92,18.75,Cavan
1959,149.61,23.78,19.75,16.42,Cavan
1960,168.73,29.03,22.25,18.17,Cavan
1961,165.46,32.98,21.67,17.42,Cavan
1962,155.44,31.58,20.5,16.75,Cavan
1963,142.68,24.75,21.5,17,Cavan
1964,157.09,31.38,21.67,17.42,Cavan
1965,177.16,29.43,22.83,17.67,Cavan
1966,181.46,33.12,23.42,19.33,Cavan
1967,166.71,26.6,23.83,20.17,Cavan
1968,153.43,32.23,20.83,16.08,Cavan
1969,126.88,24.23,22.92,17.17,Cavan
1970,172.28,35.09,24.42,19.25,Cavan
1971,119.25,22.08,19.5,15.75,Cavan
1972,150.93,30.78,19.92,17.33,Cavan
1973,134.44,23.52,22.08,18,Cavan
1974,176.74,29.96,23.25,19.08,Cavan
1975,132.12,27.45,19.83,15.5,Cavan
1976,153.29,29.05,20.33,15.5,Cavan
1977,158.14,28.13,22.09,18.45,Cavan
1978,148.28,30.91,22.08,17,Cavan
1979,167.1,32.26,25.64,20.73,Cavan
1980,179.95,27.63,24,20.08,Cavan
1981,175.8,26.67,23.33,19.58,Cavan
1982,175.17,25.4,23,20,Cavan
1983,150.81,25.72,22.67,17.25,Cavan
1984,150.72,26.7,20.45,16.73,Cavan
1985,178.94,33.43,22.11,19,Cavan
1986,197.11,30.73,22.92,19.67,Cavan
1987,155.76,34.29,19.89,15.78,Cavan
1988,169.01,29.89,22.33,18.33,Cavan
1989,166.25,27.24,20.7,17.8,Cavan
1990,184.43,31.12,21.42,18.33,Cavan
1991,164.66,29.57,20.55,17,Cavan
1992,177.34,30.96,21.75,19.08,Cavan
1993,164.36,26.36,21.09,18.27,Cavan
1994,165.89,20.55,21.5,19.33,Cavan
1995,148.18,28.28,24.67,18.67,Cavan
1996,158.34,30.05,21.36,17.55,Cavan
1997,163.38,30.33,20.67,15.83,Cavan
1998,187.03,31.41,23.92,21.08,Cavan
1999,168.61,29.5,21.91,18.91,Cavan
2000,171.32,31.28,20.64,18.09,Cavan
2001,111.88,21.63,17.82,15,Cavan
2002,201.28,28.21,21.78,19.11,Cavan
2003,137.97,28.75,19.33,16.5,Cavan
2004,151.91,30.46,18.5,15.8,Cavan
2005,153.97,44.8,19.67,16.56,Cavan
2006,158.57,28.98,20.64,17.18,Cavan
2007,142.9,31.04,19.75,15.38,Cavan
2008,179.08,30.84,21.25,17.58,Cavan
2009,188.77,32.71,20.25,17.08,Cavan
2010,137.8,31.17,15.86,12.86,Cavan
2011,186.79,33.6,22.55,19.18,Cavan
2012,160.36,35.16,24.58,19.75,Cavan
2013,149.17,30.06,22,17.42,Cavan
2014,176.02,29.14,23.83,18.33,Cavan
2015,208.61,31.77,23.73,19.18,Cavan
2016,161.56,27.1,24.17,19.17,Cavan
2017,176.71,34.51,25.08,21,Cavan
2018,165.59,25.43,23.17,19.67,Cavan
2019,166.08,25.83,24,18.83,Cavan
1981,91.33,15.95,19.5,15.5,Limerick
1982,84.8,17.19,19.58,15.75,Limerick
1983,77.67,18.19,17.17,13.17,Limerick
1984,71.25,13.97,17.67,12.25,Limerick
1985,70.88,13.83,19,13.83,Limerick
1986,83.85,15.21,20.17,14.33,Limerick
1987,61.78,11.9,18.17,12.92,Limerick
1988,87.94,21.05,19.8,15.3,Limerick
1989,62.59,11.86,18.75,12.92,Limerick
1990,79.29,13.56,19,14.75,Limerick
1991,68.6,14.6,17.67,13.25,Limerick
1992,72.36,14.7,18.25,14.25,Limerick
1993,76.92,14.62,18.92,12.92,Limerick
1994,86.42,15.52,21,16.5,Limerick
1995,77.18,16.62,17.17,12.08,Limerick
1996,74.54,16.61,18.25,13.08,Limerick
1997,87.69,21,17.17,12.33,Limerick
1998,93.91,15.49,20.58,15.83,Limerick
1999,83.32,17,21.17,14.83,Limerick
2000,82.9,15.66,21,16.08,Limerick
2001,62.68,12.73,17.5,12.92,Limerick
2002,78.72,13.34,19.75,15.25,Limerick
2003,65.76,17.3,15.92,11.92,Limerick
2004,70.52,15.73,18.42,12.92,Limerick
2005,70.47,18.13,17.58,12.42,Limerick
2006,75.79,16.15,17.58,13,Limerick
2007,71.01,16.57,17.25,12.92,Limerick
2008,90.43,20.23,19.08,14.58,Limerick
2009,85.31,19.84,18.82,15.09,Limerick
2010,58.66,13.98,14.58,10.25,Limerick
2011,73.6,14.96,18.91,13,Limerick
2012,93.88,17.22,22.25,17.75,Limerick
2013,77.55,17.38,19.67,14.33,Limerick
2014,93.17,17.81,20.67,14.75,Limerick
2015,97.79,16.94,19.75,15.17,Limerick
2016,71.21,12.02,16.92,12.58,Limerick
2017,80.04,19.47,19.42,14.33,Limerick
2018,73.84,15.11,17.92,12.58,Limerick
2019,76.12,14.43,19.5,12.83,Limerick
1941,74.5,12,16,12,Galway
1942,86.31,18.19,16.7,15.6,Galway
1943,90.73,16.02,19.67,15.42,Galway
1944,86.3,18.27,17.58,13.92,Galway
1945,89.42,21.78,17.25,13.25,Galway
1946,83.89,17.9,17.92,13.83,Galway
1947,91.09,20.09,17.17,14.83,Galway
1948,102.41,21.93,19.17,14.42,Galway
1949,90.12,16.47,19.75,14.83,Galway
1950,104.37,18.96,21.58,15.58,Galway
1951,93.83,18.47,20.25,14.83,Galway
1952,73.23,16.77,17.92,11.58,Galway
1953,79.96,17.52,17.83,12.67,Galway
1954,109.94,24.1,21.67,16.33,Galway
1955,80.91,20.22,17.25,12.42,Galway
1956,84.82,16.42,19.42,13.83,Galway
1957,83,18.07,18.92,14.42,Galway
1958,94.17,17.56,21.42,15.58,Galway
1959,93.72,18.18,18.67,14.33,Galway
1960,104.92,17.76,20.17,15.17,Galway
1961,95.57,19.55,18,14.5,Galway
1962,79.12,19.12,17.17,13.58,Galway
1963,75.12,14.02,17.75,14,Galway
1964,86.87,21.66,18.58,14.25,Galway
1965,97.09,16.68,19.5,16.83,Galway
1966,89.92,21.72,19.7,16.2,Galway
1967,87.66,15.41,21.08,16.33,Galway
1968,97.73,22.3,19.89,15.78,Galway
1969,70.67,16.54,20.1,15.4,Galway
1970,83.95,28.77,20.86,15,Galway
1971,67.23,12.23,10.5,9,Galway
1972,82.3,14.92,17,14.5,Galway
1973,69.6,16.2,19.4,14,Galway
1974,94.02,17.67,22,16.64,Galway
1975,87.62,18.38,17.11,12.33,Galway
1976,82.77,16.2,15.25,11.62,Galway
1977,99.38,21.47,21,16.56,Galway
1978,85.22,16.74,18.33,13.67,Galway
1979,96.03,15.17,0,0,Galway
1980,105.48,18.62,20.78,16.11,Galway
1981,94.57,23.99,18.33,15,Galway
1982,105.86,23.73,20.12,16.25,Galway
1983,97.43,22.97,22.33,16.83,Galway
1984,85.72,22.17,10,8,Galway
1985,106.58,23,19,16,Galway
1986,126.71,31.95,0,0,Galway
1987,81.57,31.05,0,0,Galway
1988,103.8,27.03,0,0,Galway
1989,103.89,0,0,0,Galway
1990,96.13,8,0,0,Galway
1991,90.73,0,0,0,Galway
1992,101.64,0,0,0,Galway
1993,90.5,31.4,0,0,Galway
1994,117.03,0,0,0,Galway
1995,99.36,0,0,0,Galway
1996,82.48,0,0,0,Galway
1997,91.42,0,0,0,Galway
1998,114.36,26.6,24.33,19.67,Galway
1999,100.43,16.81,21.7,15.3,Galway
2000,91.55,20.66,22.2,16.1,Galway
2001,67.85,15.88,18.67,12.08,Galway
2002,111.34,19.42,21.67,17.08,Galway
2003,74.08,14.31,18.33,13.08,Galway
2004,87.12,19.25,20.5,14.33,Galway
2005,86.52,16.99,20.27,13.73,Galway
2006,101.77,18.41,19.67,14.92,Galway
2007,88.96,16.49,18.75,14.17,Galway
2008,114.22,24.18,20.67,16.08,Galway
2009,107.45,20.23,20.08,16,Galway
2010,69.78,18.64,17.45,12.55,Galway
2011,99.5,19.4,21,17.17,Galway
2012,92.07,16.84,22.08,16.25,Galway
2013,85.68,16.42,18.75,13.5,Galway
2014,97.24,15.35,21.83,16.83,Galway
2015,108.49,19.1,21.08,16.33,Galway
2016,80.23,14.83,20.25,15.67,Galway
2017,89.69,17.63,21.92,15.08,Galway
2018,87.79,16.07,19,14.67,Galway
2019,73.82,15.55,18.17,12.83,Galway
1949,91.27,15.63,23.33,17.33,Carlow
1950,95.31,19.59,19.42,15.25,Carlow
1951,93.12,19.56,18.92,14.67,Carlow
1952,67.24,13.52,16.17,11.75,Carlow
1953,73.49,18.79,17.17,12,Carlow
1954,95.07,20.69,20.58,14.83,Carlow
1955,69.76,17.03,14.67,11.75,Carlow
1956,85.56,20.92,17.58,13.17,Carlow
1957,81.53,17.82,16.67,13.5,Carlow
1958,110.82,23.13,20.25,15.67,Carlow
1959,81.19,15.67,15.5,12,Carlow
1960,112.48,24.39,19.67,15.42,Carlow
1961,78.59,19.47,16.17,10.83,Carlow
1962,77.42,19.83,16.5,12.08,Carlow
1963,91.84,20.53,19.08,13.75,Carlow
1964,75.74,15.94,17.17,12.08,Carlow
1965,104.85,22.16,19.33,15,Carlow
1966,101.97,20.6,19.83,15.25,Carlow
1967,90.04,17.93,20.75,15.33,Carlow
1968,89.64,17.41,19.42,15.75,Carlow
1969,68.22,16.67,16.62,12.62,Carlow
1970,86.91,13.53,18.88,13.5,Carlow
1971,54.64,16.9,15.67,10.89,Carlow
1972,89.89,17.26,16.45,13.09,Carlow
1973,76.22,17.84,17.92,12.17,Carlow
1974,93.88,18.33,19.58,14.58,Carlow
1975,67.13,16.05,14.83,11.33,Carlow
1976,75.91,15.83,16.09,12.18,Carlow
1977,104.08,22.53,17.82,13.64,Carlow
1978,86.29,18.25,17.64,13.64,Carlow
1979,91.59,18.56,17.64,13.36,Carlow
1980,95.54,18.18,19.58,15.42,Carlow
1981,97.56,19.72,17.83,13.67,Carlow
1982,95.04,17.68,17.6,14.3,Carlow
1983,93.07,18.9,16.42,12.5,Carlow
1984,86.95,20.84,15.58,12.5,Carlow
1985,86.23,19.35,17.8,13.6,Carlow
1986,84.18,19.65,18,13.58,Carlow
1987,81.13,20.16,17.75,13.58,Carlow
1988,86.48,18.83,17.64,13.45,Carlow
1989,81.75,13.78,16.22,12,Carlow
1990,76.13,17.79,15.12,12.25,Carlow
1991,78.88,18.43,15.75,12,Carlow
1992,67.08,15.72,17.17,12.67,Carlow
1993,89.24,20.16,17.5,14.25,Carlow
1994,96.42,19.42,19,15.25,Carlow
1995,74.64,17.94,14.73,10.27,Carlow
1996,97.98,22.61,15.83,12.5,Carlow
1997,83.99,19.53,15.08,10.67,Carlow
1998,95.94,18.03,18.25,14.5,Carlow
1999,82.95,16.8,17.5,12.75,Carlow
2000,96.08,21.73,18.58,14.5,Carlow
2001,73.39,18.38,16.33,11.5,Carlow
2002,110.6,20.99,18.5,14.67,Carlow
2003,76.42,19.13,15.25,11.58,Carlow
2004,79.47,22.04,17.58,11.83,Carlow
2005,76,17.91,16.92,12.5,Carlow
2006,81.53,18.86,15.83,12.67,Carlow
2007,73.37,21.19,14.17,11.92,Carlow
2008,88.72,20.99,15.67,12.42,Carlow
2009,104.77,21.75,17.08,14.42,Carlow
2010,81.39,28.87,12.83,10.42,Carlow
2011,73.7,19.8,14.33,12.25,Carlow
2012,81.25,16.19,15.75,13.25,Carlow
2013,77.63,20.38,12.92,11.17,Carlow
2014,107.59,24.08,16.08,14.67,Carlow
2015,90.71,18.77,16.08,14.08,Carlow
2016,83.36,19.83,14.92,12.08,Carlow
2017,79.12,18.23,15.83,14.33,Carlow
2018,98.01,22.18,16.33,14,Carlow
2019,59.28,13.17,15,12,Carlow
1942,123.12,20.9,20.5,18.83,Leitrim
1943,92.92,15.34,21.58,17.08,Leitrim
1944,97.39,19.98,20,15.25,Leitrim
1945,85.03,19.12,19.33,14.58,Leitrim
1946,95.6,16.66,19.17,15.58,Leitrim
1947,104.36,22.32,17.92,14.25,Leitrim
1948,94.66,18.16,19.25,15.75,Leitrim
1949,94.19,19.29,18.75,15.83,Leitrim
1950,104.16,19.57,20.25,17.58,Leitrim
1951,93.55,18.04,19.17,15.58,Leitrim
1952,86.96,16.27,16.92,13.75,Leitrim
1953,76.49,17.53,17.5,13.08,Leitrim
1954,120.35,22.88,21.67,17.25,Leitrim
1955,88.33,20.88,16.42,12.75,Leitrim
1956,100.68,23.52,19,15.25,Leitrim
1957,95.03,16.81,19,16.08,Leitrim
1958,100.57,17.5,21,17,Leitrim
1959,90.2,17.4,18.92,14,Leitrim
1960,112.82,22.08,21.08,17,Leitrim
1961,96.73,24.59,20.08,15.08,Leitrim
1962,99.32,23.91,19.08,13.58,Leitrim
1963,88.27,18.01,19.58,14.58,Leitrim
1964,96.96,18.7,20.5,15.33,Leitrim
1965,114.86,21.87,21,16.5,Leitrim
1966,114.33,21.02,21.67,17.92,Leitrim
1967,98.82,16.73,21.75,16.33,Leitrim
1968,105.31,26.47,17.25,14.08,Leitrim
1969,78.43,15.66,18.33,14.25,Leitrim
1970,94.44,17.6,20.4,16.1,Leitrim
1971,71.63,11.3,0,0,Leitrim
1972,85.91,16.5,18,14,Leitrim
1973,98.4,11.9,0,0,Leitrim
1974,0,0,0,0,Leitrim
1975,0,0,0,0,Leitrim
1976,0,0,0,0,Leitrim
1977,129.6,0,0,0,Leitrim
1978,89.84,15.72,8.67,7.67,Leitrim
1979,95.12,17.51,18.86,16.57,Leitrim
1980,101.2,21.13,18.43,14.57,Leitrim
1981,110.54,16.98,16,15.5,Leitrim
1982,100.01,19.2,15.5,14,Leitrim
1983,100,17.74,16.3,13.8,Leitrim
1984,91.12,18.23,17.67,13.33,Leitrim
1985,100.22,19.36,18.57,15.14,Leitrim
1986,108.86,16.81,19,15.8,Leitrim
1987,90.65,20.5,16.18,12.91,Leitrim
1988,100.61,20.04,17.73,14.82,Leitrim
1989,96.36,19.65,17.1,14.1,Leitrim
1990,110.02,15.68,22.33,18.17,Leitrim
1991,43.36,9.47,13,9.5,Leitrim
1992,81.23,16.78,17.86,13.57,Leitrim
1993,55.92,9.23,17.4,12.6,Leitrim
1994,71.72,15.3,18.33,13.67,Leitrim
1995,78.15,22.57,16,10.5,Leitrim
1996,66.59,18.27,17.44,13.22,Leitrim
1997,77.22,16.94,16.5,12.12,Leitrim
1998,110.44,21.62,21.89,17,Leitrim
1999,86.64,15.33,19,15.43,Leitrim
2000,97.66,0,0,0,Leitrim
2001,82.84,18.2,0,0,Leitrim
2002,121.12,34.15,20.75,17.75,Leitrim
2003,83.34,25,16.29,13.57,Leitrim
2004,96.18,20.52,17,12,Leitrim
2005,91.14,33.5,16.25,13.75,Leitrim
2006,115.14,19.48,18.71,14.86,Leitrim
2007,92.95,14.83,17.56,13.56,Leitrim
2008,108.61,19.84,21,16.67,Leitrim
2009,97.4,7.5,13,7,Leitrim
2010,87.36,17.27,17.4,13.3,Leitrim
2011,114,19.87,20.62,16.62,Leitrim
2012,102.88,20.49,21.14,15.14,Leitrim
2013,96.83,21.35,18.58,14.58,Leitrim
2014,105.13,19.23,21.5,16.83,Leitrim
2015,120.48,19.43,21.75,17.25,Leitrim
2016,92.1,15.97,21.42,15.42,Leitrim
2017,104.66,20.46,22.58,17.17,Leitrim
2018,97.65,18.24,20.58,14.83,Leitrim
2019,97.88,17.25,19.33,14.67,Leitrim
1964,94.8,15,24,15,Longford
1965,82.14,14.47,19.25,14.58,Longford
1966,80.64,16.32,19.67,13.67,Longford
1967,75.59,15.51,20.5,13.58,Longford
1968,83.26,24.72,15.83,12,Longford
1969,58.98,13.01,16.83,11.67,Longford
1970,73.12,17.39,18.25,13.75,Longford
1971,58.75,15.19,15.92,10.92,Longford
1972,69.6,14.62,17,13.42,Longford
1973,64.58,17.03,18.92,12.58,Longford
1974,77.88,15.82,20.42,14.75,Longford
1975,65.09,13.01,16.08,11.17,Longford
1976,69.89,20.64,16.58,10.92,Longford
1977,78.54,14.5,18.33,13.75,Longford
1978,70.91,15.31,17.27,12.18,Longford
1979,81.29,16.22,20.92,14.67,Longford
1980,80.56,14.86,19.33,14.33,Longford
1981,71.68,14.9,17.2,12.8,Longford
1982,83.45,14.35,19.92,15.33,Longford
1983,77.53,17.47,18.17,13.58,Longford
1984,71.97,14.86,17.42,12.75,Longford
1985,80.13,14.99,20.08,15,Longford
1986,93.19,17.72,21,15,Longford
1987,71.63,17.23,17.5,12.5,Longford
1988,86.46,14.67,18.67,14.67,Longford
1989,72.23,11.84,17.1,13.7,Longford
1990,83.88,12.1,8,8,Longford
1991,78.65,0,0,0,Longford
1993,43,12.9,0,0,Longford
1994,93.03,10.8,0,0,Longford
1995,87.57,29.3,19,15,Longford
1996,72.33,5.5,11,8,Longford
1997,81.27,15.75,12,10,Longford
1998,87.01,15.23,0,0,Longford
1999,88.37,18.32,14,9,Longford
2000,85.59,13.07,16,14,Longford
2001,66.24,16.87,13,11,Longford
2002,108.41,15.85,18,15.25,Longford
2003,71.56,22.77,15.67,13.67,Longford
2004,70.45,14,12,10,Longford
2005,72.04,16.78,14,10,Longford
2006,92.37,22.3,15.8,11.2,Longford
2007,77.03,12.3,14.5,12.33,Longford
2008,92.17,14.98,17,13.5,Longford
2009,105.5,21.95,18.75,15.12,Longford
2010,80.02,26.59,15,10.57,Longford
2011,97.43,12.47,15.2,11.8,Longford
2012,91.18,20,14,10,Longford
2013,79.39,16.98,18.18,14.64,Longford
2014,93.89,17.35,20.08,15.5,Longford
2015,109.47,17.65,19.45,17.27,Longford
2016,84.75,17.02,18.58,15.17,Longford
2017,86.34,18.12,20,15,Longford
2018,70.72,13.96,17.91,13.91,Longford
2019,86.18,18.22,18.5,14.33,Longford
1941,0,0,0,0,Wicklow
1942,0,0,0,0,Wicklow
1943,117.78,21.66,21.33,15.5,Wicklow
1944,114.96,17.83,21.42,15.92,Wicklow
1945,90.9,21.32,19.25,14,Wicklow
1946,142.71,31.41,21.25,17,Wicklow
1947,118.44,22.06,19.36,13.91,Wicklow
1948,100.53,19.53,20.58,16,Wicklow
1949,84.11,17.9,18.92,14.25,Wicklow
1950,101.92,18.33,21.25,16.83,Wicklow
1951,116.73,18.55,21.5,15.83,Wicklow
1952,98.6,21.57,20.33,15,Wicklow
1953,88.1,18.32,18.92,14.17,Wicklow
1954,136.09,19.97,22.92,17.92,Wicklow
1955,97.4,21.62,17.33,13.75,Wicklow
1956,111.69,25.08,20.17,15.75,Wicklow
1957,113,26.7,19.5,16.08,Wicklow
1958,137.37,28.56,20.83,16.75,Wicklow
1959,104.39,22.24,17.25,13.08,Wicklow
1960,146.68,31.92,20.75,17.67,Wicklow
1961,98.14,21.33,19.33,15.25,Wicklow
1962,99.74,24.32,19.33,15,Wicklow
1963,123.7,28.01,20.33,16.42,Wicklow
1964,101.06,21.55,19.25,15.08,Wicklow
1965,125.69,25.02,20.33,17.08,Wicklow
1966,133.52,25.43,22.75,18.58,Wicklow
1967,119.03,23.21,21.75,17.5,Wicklow
1968,106.25,27.3,18.42,15.25,Wicklow
1969,98.51,21.62,19,15.08,Wicklow
1970,116.42,24.54,21.33,16.08,Wicklow
1971,83.48,22.47,18,13.67,Wicklow
1972,120.39,22.94,19,14.92,Wicklow
1973,103.56,21.19,19.75,15.5,Wicklow
1974,125.37,24.73,21.25,17,Wicklow
1975,102.53,22.82,18.8,15.1,Wicklow
1976,99.95,20.15,18.89,14,Wicklow
1977,119.95,24.67,19.56,16.56,Wicklow
1978,108.17,22.62,19.42,16.25,Wicklow
1979,120.11,23.5,21.2,18.4,Wicklow
1980,131,23.79,21.17,17.75,Wicklow
1981,132.38,25.69,20,16.91,Wicklow
1982,127.32,23.34,20.17,16.42,Wicklow
1983,123.29,29.04,18.83,15.08,Wicklow
1984,115.86,28.06,18.67,13.67,Wicklow
1985,111.54,21.36,15.75,12.75,Wicklow
1986,138.71,45.22,7,3.5,Wicklow
1987,73.73,18.7,18,15.5,Wicklow
1993,135.47,26,20.83,15.17,Wicklow
1994,136.05,26.63,21.38,16.75,Wicklow
1995,121.1,30.73,18,15.17,Wicklow
1996,133.34,55.8,22.5,19,Wicklow
1997,117.6,41.5,17.4,14.4,Wicklow
1998,148.18,37.23,25.2,20.6,Wicklow
1999,123.35,26.7,18,14.83,Wicklow
2000,146.72,19.93,17,16.33,Wicklow
2001,106.81,0,0,0,Wicklow
2002,156.65,41.2,30,29,Wicklow
2003,117.09,26.07,12.67,10.33,Wicklow
2004,127.72,23.9,9,8,Wicklow
2005,117.43,0,0,0,Wicklow
2006,143.9,0,0,0,Wicklow
2007,121.64,0,0,0,Wicklow
2008,163.81,27.71,27.56,23.56,Wicklow
2009,163.53,32.45,27.75,21.33,Wicklow
2010,138.6,35.89,25.38,19,Wicklow
2011,124.09,29.39,19.67,17.89,Wicklow
2012,151.42,33.46,20.5,18.58,Wicklow
2013,123.3,34.01,18.92,14.42,Wicklow
2014,156.93,34.86,21.25,18.33,Wicklow
2015,134.82,26.67,20.83,16.42,Wicklow
2016,117.52,25.17,19.08,15,Wicklow
2017,116.83,23.82,22.17,16.75,Wicklow
2018,127.42,29.83,19.83,15.67,Wicklow
2019,99.98,17.58,19.17,15.5,Wicklow
1952,170.15,31.83,22.5,20.75,Sligo
1953,118.19,22.44,19,16.25,Sligo
1954,167.27,28.03,24.42,21.42,Sligo
1955,116.93,25.85,19.92,16,Sligo
1956,128.02,20.75,22.33,18.75,Sligo
1957,138.24,25.81,20.92,18.08,Sligo
1958,150.63,26.11,22.5,19.67,Sligo
1959,139.23,26.17,19.58,17.08,Sligo
1960,153.17,27.36,22.08,18.83,Sligo
1961,147.36,25.65,21.67,18.92,Sligo
1962,136.33,25.68,19,16.92,Sligo
1963,127.97,21.77,19.83,16.5,Sligo
1964,135.01,23.44,20.67,17.25,Sligo
1965,163.02,30.18,21.75,19.25,Sligo
1966,141.22,24.31,22.58,19.83,Sligo
1967,144.05,23.43,24.08,19,Sligo
1968,138.21,32.46,19.42,16.17,Sligo
1969,117.93,19.25,21.83,18.5,Sligo
1970,138.61,28.78,23.25,20.17,Sligo
1971,109.89,20.57,19.67,16.08,Sligo
1972,128.92,21.83,21.17,17.33,Sligo
1973,132.98,23.96,23.17,18.25,Sligo
1974,148.99,21.34,24.08,20.67,Sligo
1975,123.02,21.37,21.4,18.4,Sligo
1976,121.45,23.83,21.91,17.09,Sligo
1977,141.73,23.35,21.36,18.82,Sligo
1978,146.02,24.43,22.67,18.75,Sligo
1979,144.05,19.92,24.18,21,Sligo
1980,145.73,24.6,24,20.25,Sligo
1981,146.61,23.36,22.83,19.25,Sligo
1982,139.22,22.43,23.58,19,Sligo
1983,135.33,24.36,20.45,15.91,Sligo
1984,118.12,19.24,21.8,16.7,Sligo
1985,138.68,27.12,22.42,17.5,Sligo
1986,146.89,23.54,23,19.36,Sligo
1987,116.12,23.05,20.18,16.09,Sligo
1988,133.77,22.54,21.44,17.78,Sligo
1989,131.43,25.02,21.3,18.2,Sligo
1990,146.94,25.86,21.75,18.5,Sligo
1991,119.98,19.74,20,16.75,Sligo
1992,138.71,23.18,22.67,18.56,Sligo
1993,132.83,24.25,22,17.55,Sligo
1994,130.58,23.35,21.6,17.5,Sligo
1995,126.66,20.32,22,18.09,Sligo
1996,118.17,19.7,19.58,16.25,Sligo
1997,125.54,23.93,19.83,16.5,Sligo
1998,151.22,25.75,24.08,20.5,Sligo
1999,153.17,30.78,23.33,19.17,Sligo
2000,149.71,24.95,24.42,19.83,Sligo
2001,114.55,23.66,20.92,16.75,Sligo
2002,149.07,23.37,22.25,19.17,Sligo
2003,104.23,18.86,20.08,16.67,Sligo
2004,135.85,24.62,23.75,18.25,Sligo
2005,125.02,18.85,22.5,18.92,Sligo
2006,129.47,21.42,21.17,17.25,Sligo
2007,130.8,28.65,21.83,17,Sligo
2008,155.74,25.83,24.33,20.42,Sligo
2009,139.82,20.36,23.83,19.17,Sligo
2010,114.6,24.37,21.5,15.33,Sligo
2011,147.63,28.18,23.33,19.33,Sligo
2012,142.84,26,23.25,19.42,Sligo
2013,120.72,19.92,20.17,17.5,Sligo
2014,142.02,21.94,22.58,18.5,Sligo
2015,160.82,30.05,23,19,Sligo
2016,120.64,22.5,21.08,17.25,Sligo
2017,124.16,21.04,23,19.09,Sligo
2018,112.39,21.07,21.17,17.08,Sligo
2019,132,24.25,20,16.33,Sligo
1951,136.3,16.2,25,18,Tipperary
1952,61.34,12.65,14.17,10.75,Tipperary
1953,65.74,16.84,14.08,11.25,Tipperary
1954,82.29,19.51,17.67,13,Tipperary
1955,74.48,16.29,13.25,10.58,Tipperary
1956,78.57,16.92,17.5,11.92,Tipperary
1957,78.26,16.9,16.08,12.33,Tipperary
1958,95.28,21.73,18.67,14,Tipperary
1959,71.56,15.92,15.25,11.58,Tipperary
1960,96.59,21.05,17.17,15.08,Tipperary
1961,71.87,18.66,14.17,10.92,Tipperary
1962,76.42,20,16.17,12.58,Tipperary
1963,73.22,15.81,16.5,12.92,Tipperary
1964,77.94,17.22,16.5,12,Tipperary
1965,90.31,18,16.92,13.67,Tipperary
1966,88.86,15.67,18.17,14.92,Tipperary
1967,80.87,17.56,18.17,13.83,Tipperary
1968,85.59,20.07,16.67,13.08,Tipperary
1969,68.58,13.4,14.58,11.5,Tipperary
1970,78.93,14.23,17.75,12.67,Tipperary
1971,65.02,16.42,14.58,10.83,Tipperary
1972,82.77,16.56,16.25,12.83,Tipperary
1973,78.99,19.86,15.67,11.75,Tipperary
1974,86.08,16.57,17.18,13.45,Tipperary
1975,74.14,19.05,14.08,11,Tipperary
1976,72.5,19.57,15.2,11.8,Tipperary
1977,88.61,18.63,18.38,13.88,Tipperary
1978,89.7,20.61,12.75,14.75,Tipperary
1979,72.35,16.93,15.4,12.8,Tipperary
1980,88.62,17.73,17.62,13.75,Tipperary
1981,82.66,15.51,17.45,12.82,Tipperary
1982,90.92,18.06,18.67,14.83,Tipperary
1983,81.78,17.62,15.58,13,Tipperary
1984,80.6,18.54,9,8.17,Tipperary
1985,78.98,18.93,14.86,12.14,Tipperary
1986,97.54,22.06,16,13.14,Tipperary
1987,75.77,16,12.8,10.8,Tipperary
1988,90.29,16.84,14.67,13.5,Tipperary
1989,81.51,15.72,10.8,10.4,Tipperary
1990,103.09,20.38,18.5,15,Tipperary
1991,74.8,21.07,8,8,Tipperary
1992,66.6,0,0,0,Tipperary
1993,96.13,27.9,12.5,9.5,Tipperary
1994,94.35,15.75,19,18,Tipperary
1995,92.64,25.75,23,18.5,Tipperary
1996,90.22,27.08,14.4,13.4,Tipperary
1997,100.11,13.45,11.75,11,Tipperary
1998,87.91,14.17,15.14,12,Tipperary
1999,88.27,15.2,15,12.5,Tipperary
2000,93.71,25.5,20.33,17,Tipperary
2001,76.58,17.3,13.67,11.67,Tipperary
2002,94.77,16.73,19.89,16.56,Tipperary
2003,69.26,18.37,15.55,10.36,Tipperary
2004,80.18,22.73,16.58,12.33,Tipperary
2005,78.58,22.92,17.08,12,Tipperary
2006,90.93,17.26,17.25,13.33,Tipperary
2007,84.06,22.37,17.5,12.83,Tipperary
2008,91.68,18.88,19.83,14.42,Tipperary
2009,114.06,23.43,20,15.67,Tipperary
2010,71.83,25.18,15.33,10.33,Tipperary
2011,75.52,15.14,18.5,12.83,Tipperary
2012,91.01,22.32,18.5,13.33,Tipperary
2013,65.84,15.98,14.92,11.33,Tipperary
2014,100.3,20.19,19.33,14.42,Tipperary
2015,96.87,18.17,17.83,14.67,Tipperary
2016,74.95,16.45,15.92,11.5,Tipperary
2017,81.58,19.4,16.83,13.33,Tipperary
2018,90.07,17.9,17.75,14,Tipperary
2019,67.73,13.6,15.67,13.5,Tipperary
1953,87.86,19.2,18.5,14.75,Laois
1954,105.31,22.52,21.33,16,Laois
1955,76.55,14.68,16.25,12.25,Laois
1956,85.67,18.1,19.58,13.75,Laois
1957,88.29,16.6,18.25,14.25,Laois
1958,105.26,20.13,21.33,16.92,Laois
1959,82.33,14.89,17.5,13.58,Laois
1960,114.89,23.98,20.08,16.83,Laois
1961,84.81,16.22,17.92,14.58,Laois
1962,84.29,18.84,18.08,14.42,Laois
1963,76.02,15.28,18.5,14.17,Laois
1964,82.53,17.01,19.67,14.08,Laois
1965,97.74,15.86,21.08,15.92,Laois
1966,99.47,18.58,22,16.08,Laois
1967,91.82,17.68,21.92,15.83,Laois
1968,90.58,22.27,18.42,14.25,Laois
1969,74.49,13.26,19.83,14,Laois
1970,89.63,19.28,21.83,15.92,Laois
1971,68.9,20.37,17,12.08,Laois
1972,83.47,15.87,18.08,13.67,Laois
1973,90.03,18.2,19.42,14.92,Laois
1974,99.72,17.88,21.83,18.17,Laois
1975,80.16,16.27,18.08,13.42,Laois
1976,77.07,17.23,18.08,13,Laois
1977,107.19,20.37,20.5,16.58,Laois
1978,93.26,17.86,19.33,15.42,Laois
1979,102.31,21.3,21.75,16.08,Laois
1980,100.7,17.86,21.5,16.83,Laois
1981,101.2,17.65,19.83,16.42,Laois
1982,98.27,15.96,22.25,18.17,Laois
1983,102.35,20.4,19.67,15.58,Laois
1984,98.19,22.62,18.25,14.42,Laois
1985,92.04,18.07,19.92,14.83,Laois
1986,109.58,21.49,22,17.17,Laois
1987,82.45,15.99,20.09,14.55,Laois
1988,102.31,19.57,21.33,15.75,Laois
1989,76.23,13.37,19.75,14.67,Laois
1990,96.75,20.88,19.92,16.42,Laois
1991,91.01,18.29,17.42,16.75,Laois
1992,94.15,18,21.42,19.17,Laois
1993,106.1,20.98,21.5,18.33,Laois
1994,110.55,19.93,23,19.08,Laois
1995,96.62,21.41,19.17,15,Laois
1996,104.58,21.35,17.18,16,Laois
1997,101.01,25.98,17.42,14.08,Laois
1998,114.07,20.68,20.25,16.83,Laois
1999,102.09,20.48,18.42,14.92,Laois
2000,101.98,21.72,21.17,16.83,Laois
2001,80.74,16.36,18.17,15,Laois
2002,112.42,18.03,20.67,16.67,Laois
2003,80.43,19.34,17.42,13.42,Laois
2004,83.89,18.47,19.33,14.08,Laois
2005,86.48,20.15,19.75,14.5,Laois
2006,96.84,19.25,17.58,15,Laois
2007,86.62,17.88,18.33,14.5,Laois
2008,108.94,22.48,20,16.17,Laois
2009,113.54,24.06,20.5,16,Laois
2010,84.7,23.15,16,11.58,Laois
2011,97.95,18.49,19.67,16.42,Laois
2012,113.84,25.77,21.58,16.33,Laois
2013,84.34,18.89,18.25,14,Laois
2014,104.79,19.16,21.58,16.92,Laois
2015,104.05,17.11,20.33,15.83,Laois
2016,85.41,15.48,19,14,Laois
2017,104.09,25.66,20.83,15.25,Laois
2018,92.77,18.82,19.58,15.5,Laois
2019,87.87,17.53,18.83,14.33,Laois
1944,149.12,23.02,25.75,21.5,Mayo
1945,102.44,23.09,20.92,15.42,Mayo
1946,116.96,20.17,20.17,16.25,Mayo
1947,117.61,22.42,19.58,16.08,Mayo
1948,119.48,21.41,18.92,16.17,Mayo
1949,137.09,20.78,21.67,19.17,Mayo
1950,135.02,19.49,23.25,20.25,Mayo
1951,120.43,19.05,21.17,18.25,Mayo
1952,105.22,20.68,20,16.25,Mayo
1953,100.88,19.82,20.08,15.33,Mayo
1954,130.57,21.91,24,19.75,Mayo
1955,104.59,22.85,19.67,15.33,Mayo
1956,101.03,17.92,21.83,17,Mayo
1957,113.29,18.99,21.58,17.25,Mayo
1958,117.29,18.77,22.25,18.17,Mayo
1959,104.38,17.59,19.33,15.92,Mayo
1960,116.2,19.02,22.33,18.25,Mayo
1961,124.2,24.72,21.92,17.58,Mayo
1962,104.24,20.62,19.25,15.33,Mayo
1963,106.09,18.53,20.33,15.92,Mayo
1964,111.7,20.79,21.08,16.5,Mayo
1965,118.21,23.67,22.25,17.08,Mayo
1966,112.09,18.11,22,18.25,Mayo
1967,116.11,19.59,23.08,18.58,Mayo
1968,110.83,27.47,19.5,15.33,Mayo
1969,95.19,17.83,21.92,16.08,Mayo
1970,119.79,20.87,23,19.5,Mayo
1971,92.63,19.1,19.08,14.33,Mayo
1972,90.6,14.79,19.33,16.08,Mayo
1973,101.24,19.32,21.5,16.42,Mayo
1974,108.05,16.26,22.25,17.83,Mayo
1975,93.33,14.31,19.5,15.2,Mayo
1976,88.9,18.22,20,15.92,Mayo
1977,116.17,20.82,21,17.17,Mayo
1978,110.86,20.2,21.08,16.83,Mayo
1979,111.17,20.18,22.67,18.58,Mayo
1980,114.36,20.25,21.33,17.67,Mayo
1981,118.95,21.69,21.92,17.08,Mayo
1982,124.38,17.12,21,17.17,Mayo
1983,111.12,18.84,19.17,15.58,Mayo
1984,106.82,19.28,19.25,14.58,Mayo
1985,114.71,23.47,19.92,16.25,Mayo
1986,152.01,25.3,21.92,19,Mayo
1987,102.38,18.65,19.42,15.5,Mayo
1988,124.57,20.75,22,17.45,Mayo
1989,128.33,29.11,21.08,16.67,Mayo
1990,138.92,23.12,21.58,18.25,Mayo
1991,112.26,22.26,18.92,15.42,Mayo
1992,127.34,22.93,22.33,18.17,Mayo
1993,122.05,20.32,21.25,16.42,Mayo
1994,130.39,22.14,23,18.58,Mayo
1995,105.59,17.07,21,15.67,Mayo
1996,96.26,18.61,20.08,15.58,Mayo
1997,108.37,19.47,20.08,15.67,Mayo
1998,138.89,23.42,23.83,19.25,Mayo
1999,145.7,28.85,22.58,18.33,Mayo
2000,133.15,17.72,24.33,19.67,Mayo
2001,102.57,17.86,21.25,16.58,Mayo
2002,134.29,24.83,23.08,18.08,Mayo
2003,102.15,19.13,21.08,15.92,Mayo
2004,121.95,23.93,24,17.75,Mayo
2005,116.48,19.89,23.08,16.58,Mayo
2006,131.24,25.47,20.17,16.58,Mayo
2007,115.82,24.11,20.67,16.08,Mayo
2008,138.62,24.58,22.5,18.58,Mayo
2009,128.67,21.17,23.08,18.33,Mayo
2010,109.9,22.19,20.25,16.08,Mayo
2011,149.71,23.53,24,19.67,Mayo
2012,120.88,20.81,23.25,18.83,Mayo
2013,120.56,19.05,20.92,16.5,Mayo
2014,137.18,22.27,22.08,18.25,Mayo
2015,172.04,31.81,22.92,18.92,Mayo
2016,124.91,23.9,22.42,18,Mayo
2017,125.1,20.3,21.83,18.5,Mayo
2018,131.97,26.22,21.25,17.25,Mayo
2019,126.03,24.93,21.5,17,Mayo
1951,74.15,16.41,16.88,12.62,Westmeath
1952,64.45,14.02,16.92,11.5,Westmeath
1953,56.28,12.69,15.42,10.58,Westmeath
1954,86.14,16.67,20.42,14.33,Westmeath
1955,62.56,14.6,14.75,11.42,Westmeath
1956,68.13,16.06,15.75,11.92,Westmeath
1957,71.49,14.37,17.92,13.5,Westmeath
1958,90.14,17.57,20.25,14.75,Westmeath
1959,73.56,15.44,16.17,12.5,Westmeath
1960,93.44,19.4,18.67,16.08,Westmeath
1961,67.92,14.97,15.42,12.67,Westmeath
1962,72.97,15.63,15,12.5,Westmeath
1963,67.73,13.09,17.55,13.09,Westmeath
1964,73.7,18.95,15.92,12.92,Westmeath
1965,88.33,18.57,17.5,15.25,Westmeath
1966,85.53,16.32,19.17,15.33,Westmeath
1967,76.89,16.82,20.5,14.75,Westmeath
1968,79.26,22.45,16.55,13.82,Westmeath
1969,62.05,12.56,15.92,12.5,Westmeath
1970,76.46,17.21,18,13.83,Westmeath
1971,54.77,15.04,14.75,10.58,Westmeath
1972,68.58,16.09,16.58,12.75,Westmeath
1973,68.87,16.9,16.45,13,Westmeath
1974,76.33,17.94,18.08,14.83,Westmeath
1975,70.03,18.09,14.17,12.17,Westmeath
1976,69,13.61,13,10.62,Westmeath
1977,76.44,14.48,16.7,14.5,Westmeath
1978,71.66,17.39,15.1,13.9,Westmeath
1979,82.08,16.92,17.8,15.8,Westmeath
1980,85.17,17.82,17,14.78,Westmeath
1981,78.84,15.83,18.11,15.67,Westmeath
1982,79.96,12.85,20.33,14.5,Westmeath
1983,74.45,16.77,17.09,12.64,Westmeath
1984,76.93,19.11,17.08,12.58,Westmeath
1985,75.35,14.92,19.5,14.38,Westmeath
1986,79.76,18.57,13.5,8,Westmeath
1987,64.72,19.72,15.5,10.83,Westmeath
1988,78.48,16.44,16.2,12.6,Westmeath
1990,50.4,13.96,12.5,9.17,Westmeath
1991,69.44,11.1,0,0,Westmeath
1992,70.2,21.1,5,2,Westmeath
1993,78.07,19.2,10,7,Westmeath
1994,83.62,20.67,0,0,Westmeath
1995,71.22,17.66,12.5,8.5,Westmeath
1996,67.76,37.8,13.4,9.4,Westmeath
1997,72.77,18.24,13.4,10.8,Westmeath
1998,84.19,12.54,18.67,15.33,Westmeath
1999,73.13,23.16,11,8,Westmeath
2000,79.81,22.58,0,0,Westmeath
2001,57.23,16.49,15.25,11.75,Westmeath
2002,91.98,13.1,14,10.75,Westmeath
2003,60.18,18.8,14.6,10.6,Westmeath
2004,71,20.34,12,7,Westmeath
2005,63.21,14.94,16.75,12,Westmeath
2006,84.04,20.5,12.6,8.4,Westmeath
2007,73.16,22.44,13,9.75,Westmeath
2008,89.89,19.23,18.2,13.4,Westmeath
2009,84.46,15.38,18,11,Westmeath
2010,70.02,18.62,15.4,11.2,Westmeath
2011,72.28,13.6,14.8,9.8,Westmeath
2012,78.75,19.47,0,0,Westmeath
2013,78.25,16.59,17.45,12.36,Westmeath
2014,89.32,18.73,20,15,Westmeath
2015,91.59,17.99,18,14.75,Westmeath
2016,73.42,17.1,17.17,13.83,Westmeath
2017,71.45,16.69,18.58,14.5,Westmeath
2018,61.68,13.15,18.5,14,Westmeath
2019,76.17,17.87,18,12.67,Westmeath
1981,108.27,27.63,19.25,14.25,Meath
1982,89.58,16.15,18.92,14.92,Meath
1983,79.44,16.99,17.25,13.75,Meath
1984,76.98,16.93,15.9,12.4,Meath
1985,90.17,20.4,18.83,14.83,Meath
1986,86.01,15.57,19.09,15.09,Meath
1987,76.07,19.31,16.75,12.67,Meath
1988,87.84,18.91,17.67,14.58,Meath
1989,68.12,15.46,17.17,12.58,Meath
1990,87.15,17.07,17.92,14.75,Meath
1991,72.51,15.22,16.83,11.83,Meath
1992,77.77,15.4,18,13.75,Meath
1993,82.71,19.37,17.58,12.5,Meath
1994,90.19,15.83,19,14.18,Meath
1995,81.5,17.55,16.42,11.67,Meath
1996,81.74,23.03,16.58,12.67,Meath
1997,78.12,16.69,15.58,11.92,Meath
1998,92.28,15.89,19.25,14.25,Meath
1999,82.17,17.53,18.27,13.55,Meath
2000,85.52,16.88,18.18,14.09,Meath
2001,56.99,13.6,17,11.42,Meath
2002,105.9,20.42,18.67,15.83,Meath
2003,63.36,14.14,14.5,11.75,Meath
2004,76.44,18.67,16.92,12.92,Meath
2005,70.77,17.59,16.08,12.5,Meath
2006,87.54,17.96,15.83,13,Meath
2007,77.91,13.87,15.67,13.17,Meath
2008,92.02,19.26,18.58,13.92,Meath
2009,89.04,17.83,19.42,15.08,Meath
2010,77.71,19.49,16.45,12.09,Meath
2011,81.88,16.98,19.5,13.83,Meath
2012,88.57,15.98,19.75,15.25,Meath
2013,56.74,10.02,17.83,11.67,Meath
2014,79.69,15.52,20.25,13.42,Meath
2015,104.95,21.39,20.27,15.91,Meath
2016,80.59,19.07,18.17,13.5,Meath
2017,73.95,16.86,20.33,13.92,Meath
2018,72.67,13.92,19.5,14,Meath
2019,79.82,19.82,18.67,13.33,Meath
1941,80.79,18.14,15.33,11.83,Wexford
1942,78.57,16.66,15.83,11.17,Wexford
1943,86.03,18.39,17.17,12.5,Wexford
1944,81.2,24.27,16.25,10.17,Wexford
1945,85.32,17.15,18.08,12.83,Wexford
1946,99.43,22.65,18.17,13.25,Wexford
1947,105.51,20.89,17.33,13.33,Wexford
1948,96.46,21.51,16.5,12.25,Wexford
1949,62.72,18.23,15.42,10.58,Wexford
1950,87.89,19.12,17.58,13,Wexford
1951,95.17,19.6,16.67,13,Wexford
1952,70.98,16.74,13.42,11,Wexford
1953,70.28,17.65,14.33,11.5,Wexford
1954,86.39,18.55,17.25,14.67,Wexford
1955,81.45,16.29,13.75,12.17,Wexford
1956,85.67,19.62,14.58,11.92,Wexford
1957,95.77,25.66,14.17,13.33,Wexford
1958,107.84,26.37,16.83,14.25,Wexford
1959,73.63,15.31,14.08,11.75,Wexford
1960,110.07,22.9,17.67,14.42,Wexford
1961,84.08,17.46,15.42,11.83,Wexford
1962,74.33,17.4,15.58,11.33,Wexford
1963,86.46,19.58,16.58,12.67,Wexford
1964,75.18,21.01,15.83,10.5,Wexford
1965,91.83,17.77,17.33,13.33,Wexford
1966,107,27.24,17.42,12.58,Wexford
1967,81.04,18.38,16.17,11.83,Wexford
1968,87.51,20.32,15.92,12.17,Wexford
1969,71.49,17.08,14.83,10.08,Wexford
1970,75.02,15.74,16.67,11.58,Wexford
1971,62.34,17.68,14.5,10.17,Wexford
1972,83.24,16.86,15.75,12.33,Wexford
1973,72.25,20.63,14.5,9.75,Wexford
1974,81.51,20.86,15.58,11.17,Wexford
1975,54.82,15.92,13.75,9.17,Wexford
1976,71.63,14.65,14,10.36,Wexford
1977,102.14,25.82,17,12.5,Wexford
1978,86.67,21.82,16.22,12.44,Wexford
1979,87.31,20.27,17.2,12.5,Wexford
1980,99.97,19.38,18.17,13.5,Wexford
1981,83.71,18.63,16.64,11.82,Wexford
1982,99.48,17.91,17.58,12.92,Wexford
1983,86.01,20.46,17.36,11.82,Wexford
1984,77.72,17.95,14.36,10.64,Wexford
1985,86.07,22.13,16,11.17,Wexford
1986,88.51,22.93,17,12.75,Wexford
1987,86.55,19.6,15.64,11.73,Wexford
1988,92.92,21.67,15.92,12.42,Wexford
1989,75.22,16.23,14.75,10.42,Wexford
1990,68.91,15.37,14.58,11.75,Wexford
1991,73.8,19.23,14.33,11.33,Wexford
1992,70.08,17.52,15.58,11.17,Wexford
1993,96.54,23.41,16.58,12.67,Wexford
1994,93.8,18.53,18.58,14.42,Wexford
1995,74.19,18.47,14.17,10.5,Wexford
1996,89.53,20.32,15.17,11.5,Wexford
1997,86.77,23.25,15.17,11.67,Wexford
1998,87.96,17.92,16.67,12.67,Wexford
1999,70,15.46,15.58,11.33,Wexford
2000,90.25,21.07,17.92,13.92,Wexford
2001,72.76,22.26,15,11.25,Wexford
2002,112.82,21.06,17.83,14.33,Wexford
2003,79.12,18.06,14.08,10.67,Wexford
2004,77.02,20.07,14.08,9.42,Wexford
2005,83.59,21.48,14.58,10.75,Wexford
2006,98.8,24.96,15.08,10.83,Wexford
2007,78.63,19.11,15,11.17,Wexford
2008,88.76,21.49,16.33,11.67,Wexford
2009,111.2,21.99,17.42,13.08,Wexford
2010,82.42,24.18,14,9.5,Wexford
2011,68.13,19.38,15.67,11.08,Wexford
2012,99.78,20.36,16.55,12.55,Wexford
2013,80.02,25.46,15.08,9.92,Wexford
2014,101.18,21.42,17.5,13.08,Wexford
2015,96.47,21.45,16.67,13.42,Wexford
2016,83.85,21.53,14.92,10.33,Wexford
2017,83.85,22.06,16.25,12,Wexford
2018,99.68,23.64,16.92,12.75,Wexford
2019,76.08,20.95,15.83,9.83,Wexford
1978,71.73,15.44,16.3,12.3,Kilkenny
1979,78.72,16.77,19.27,13.45,Kilkenny
1980,83.68,17.13,20.5,13.58,Kilkenny
1981,79,16.86,19.17,12.5,Kilkenny
1982,89.39,16.87,19.5,14.33,Kilkenny
1983,82.83,17.26,18.17,13.08,Kilkenny
1984,79.37,18.13,15.17,11.42,Kilkenny
1985,73.36,18.55,17.25,11.08,Kilkenny
1986,83.06,16.61,20.83,13.58,Kilkenny
1987,67.44,16.07,18,12,Kilkenny
1988,82.62,18.97,19.64,14.18,Kilkenny
1989,63.43,11.98,15.75,11.25,Kilkenny
1990,70.75,15.31,17,12.25,Kilkenny
1991,64.19,14.62,16.83,11.42,Kilkenny
1992,66.2,15.72,20.5,12.5,Kilkenny
1993,81.53,19.31,19,12.73,Kilkenny
1994,85.51,17.04,19.73,14.73,Kilkenny
1995,73.5,17.64,16.33,11.67,Kilkenny
1996,83.27,19.43,16.82,12.73,Kilkenny
1997,76.5,19.13,16.17,11.5,Kilkenny
1998,82.66,17.47,18.92,12.92,Kilkenny
1999,66.42,13.28,18.92,12.58,Kilkenny
2000,83.34,15.28,21.18,14.55,Kilkenny
2001,70.14,17.59,17.18,11.64,Kilkenny
2002,88.95,16.59,20.08,15.42,Kilkenny
2003,63.96,14.8,16.83,11.92,Kilkenny
2004,66.78,18.62,18.33,10.92,Kilkenny
2005,65.73,16.87,18.17,12.25,Kilkenny
2006,81.64,18.54,17.67,13,Kilkenny
2007,74.78,20.01,17.33,12.42,Kilkenny
2008,82.17,18.4,19,12.67,Kilkenny
2009,99,21.74,19.08,14.17,Kilkenny
2010,69.43,25.45,14.75,10,Kilkenny
2011,62.87,14.31,17.92,11.67,Kilkenny
2012,77.72,15.31,19.83,13.08,Kilkenny
2013,64.97,15.56,16.58,11,Kilkenny
2014,85.66,16.85,18.92,13.17,Kilkenny
2015,78.6,14.25,17.92,13.75,Kilkenny
2016,61.42,13.75,16.67,10.75,Kilkenny
2017,81.23,22.53,17.5,12.08,Kilkenny
2018,84.48,17.85,18.33,12.92,Kilkenny
2019,65.28,14.07,17.67,11.17,Kilkenny
1958,81.53,25.47,16.67,12.33,Monaghan
1959,74.58,15.97,14.92,12.17,Monaghan
1960,94.31,21.07,19.75,14.17,Monaghan
1961,72.88,16.33,16.58,13.17,Monaghan
1962,73.5,15.85,17.5,11.33,Monaghan
1963,74.22,17.18,18.25,11.83,Monaghan
1964,72.38,20.27,17.5,11.83,Monaghan
1965,88.87,17.28,17.58,13.42,Monaghan
1966,98.58,20.66,20.75,14.75,Monaghan
1967,75.88,17.53,19.42,13.92,Monaghan
1968,79.12,20.83,16.67,11.42,Monaghan
1969,68.53,14.93,16.08,11.75,Monaghan
1970,76.99,17.94,18.92,13.58,Monaghan
1971,52.58,13.58,15.08,10.08,Monaghan
1972,66.76,14.47,16.58,12.17,Monaghan
1973,63.43,14.87,17.42,12.08,Monaghan
1974,80.88,17.91,18,13.25,Monaghan
1975,58.06,13.17,14.55,9.64,Monaghan
1976,70.58,17.08,16.45,12.09,Monaghan
1977,74.75,15.67,17.18,12.09,Monaghan
1978,72.71,15.81,17.83,13.42,Monaghan
1979,78.14,15.9,18.18,13.82,Monaghan
1980,80.93,18.2,19.25,13.67,Monaghan
1981,90.33,18.46,18.64,13.73,Monaghan
1982,83.65,14.56,17.75,14.17,Monaghan
1983,74.65,15.88,16.92,13,Monaghan
1984,74.79,16.79,15.75,11.83,Monaghan
1985,84.31,21.02,18.58,14.08,Monaghan
1986,82.01,12.09,18.58,14,Monaghan
1987,69.95,18.56,16.8,11.5,Monaghan
1988,86.37,20.13,19.3,14.4,Monaghan
1989,63.94,14.14,16.45,11.45,Monaghan
1990,84.89,17.95,18.42,13.33,Monaghan
1991,66.13,13.97,16.42,11.83,Monaghan
1992,78.14,16.06,18.27,13.55,Monaghan
1993,78.62,17,17.58,13.08,Monaghan
1994,82.27,15.78,19.58,13.92,Monaghan
1995,76.95,16.68,15.92,11.33,Monaghan
1996,79.63,20.05,16.83,12.17,Monaghan
1997,74.51,15.66,16.75,11.58,Monaghan
1998,88.79,15.29,19.33,14.17,Monaghan
1999,78.79,16.06,18.75,12.42,Monaghan
2000,78.63,15.81,18.67,14.08,Monaghan
2001,57.26,13.77,16.08,11.08,Monaghan
2002,109.43,22.24,19.42,15.17,Monaghan
2003,63.29,16.27,15.45,10.64,Monaghan
2004,68.72,17.73,17.25,11.33,Monaghan
2005,65.8,18.31,17.36,11.27,Monaghan
2006,83.11,17.22,16.73,12.27,Monaghan
2007,70.73,15.06,16.58,12.33,Monaghan
2008,77.15,16.06,17.33,13.17,Monaghan
2009,83.73,19.75,18.75,12.75,Monaghan
2010,68.33,16.13,14.09,9.82,Monaghan
2011,75.71,18.74,18.5,12.92,Monaghan
2012,80.96,16.87,18.83,13.25,Monaghan
2013,81.09,16.35,16.45,11.91,Monaghan
2014,85.46,16.44,19.25,13.83,Monaghan
2015,88.07,19.27,18.58,14.42,Monaghan
2016,67.75,14.39,17.7,12.9,Monaghan
2017,68.36,18.83,18.92,12.33,Monaghan
2018,63.97,13,17.17,11.58,Monaghan
2019,74.73,21.38,16.17,10.83,Monaghan
1944,118.6,29,23.33,18.33,Kildare
1945,59.75,15.94,14.75,10.67,Kildare
1946,87.72,19.96,18.42,14.17,Kildare
1947,87.53,18.22,16.75,13.25,Kildare
1948,93.82,20.61,18.08,14.33,Kildare
1949,60.46,13.31,16.25,11.42,Kildare
1950,85.01,19.72,18.83,15.42,Kildare
1951,80.83,15.08,18.25,14,Kildare
1952,62.07,11.9,16.58,11.92,Kildare
1953,62.24,15.53,16.42,11.75,Kildare
1954,97.16,20.7,20.75,15.08,Kildare
1955,66.53,13.83,15.75,12.17,Kildare
1956,77.01,18.07,18.5,13.83,Kildare
1957,78.06,18.37,17.42,13.25,Kildare
1958,97.77,18.94,19.58,14.92,Kildare
1959,69.61,13.89,14.83,11.17,Kildare
1960,104.53,22.96,18.58,15,Kildare
1961,70.15,15.82,16.42,12.17,Kildare
1962,73.94,20.15,17.33,12.58,Kildare
1963,79.09,17.53,17.83,14.5,Kildare
1964,70.72,15.59,17.42,12.5,Kildare
1965,100.38,18.2,19,15.33,Kildare
1966,97.9,19.81,19.92,15.92,Kildare
1967,85.02,17.92,18.5,14.17,Kildare
1968,75.21,19.07,16.75,12.17,Kildare
1969,68.63,18.18,16.5,12.25,Kildare
1970,85.86,19.71,19,14.08,Kildare
1971,64.38,20.68,14.55,10.64,Kildare
1972,82.95,16.97,16,13,Kildare
1973,86.65,24.85,16.12,12.5,Kildare
1974,72.53,16.2,16.5,12.9,Kildare
1975,75.24,17.91,14.57,11,Kildare
1976,66.5,14.13,15.22,10.89,Kildare
1977,78.57,20.64,19.45,13.45,Kildare
1978,71.52,16.1,17,13.25,Kildare
1979,74.78,15.17,19.09,14.55,Kildare
1980,88.94,20.88,18.5,14.08,Kildare
1981,76.84,15.73,17.25,12.83,Kildare
1982,76.42,14.97,16.82,12.82,Kildare
1983,75.82,15.22,16.64,12.45,Kildare
1984,75.95,18.32,15.5,11.58,Kildare
1985,78.69,18.18,17.33,13.42,Kildare
1986,85.88,18.39,17.11,13.67,Kildare
1987,73.15,18.83,16.33,12.33,Kildare
1988,86.4,14.86,19.5,14,Kildare
1989,68.7,16.84,15.89,12,Kildare
1990,78.41,18.94,15.3,12.2,Kildare
1991,71.11,17.95,15,11.25,Kildare
1992,68.4,14.59,16.75,11.88,Kildare
1993,86.39,18.7,15.11,11.67,Kildare
1994,86.03,14.61,18.22,14.56,Kildare
1995,73.9,20.41,12.33,9.44,Kildare
1996,84.81,19.15,15.73,13.18,Kildare
1997,75.46,18.47,15.55,11.55,Kildare
1998,91.52,20.38,18.67,14.92,Kildare
1999,80.26,17.39,17.42,12.33,Kildare
2000,90.97,22.2,19.17,14.25,Kildare
2001,59.97,14.74,17.33,11.33,Kildare
2002,92.6,16.58,19.17,14.25,Kildare
2003,64.12,14.63,15.42,11.25,Kildare
2004,75.78,16.13,18.5,13.67,Kildare
2005,70.88,16.45,17.42,12.58,Kildare
2006,86.83,21.15,17.64,13.45,Kildare
2007,85.41,19.11,18.42,14,Kildare
2008,93.88,21.05,19.33,14.08,Kildare
2009,106.09,21.03,19.25,14.92,Kildare
2010,85.5,23.56,16.08,11.17,Kildare
2011,76.57,19.9,18.42,12.17,Kildare
2012,92.29,19.35,18.75,13.58,Kildare
2013,71.23,18.43,15.5,11.25,Kildare
2014,93.43,22.36,17.58,14.58,Kildare
2015,83.75,17,16.83,13.33,Kildare
2016,72.08,15.26,16.67,12.58,Kildare
2017,76.89,18.73,18.42,14.33,Kildare
2018,77.62,16.48,17.25,12.67,Kildare
2019,58.75,11.93,15.5,10.83,Kildare
1944,148.9,25.23,23.14,19.57,Kerry
1945,114.04,21.27,18.92,15.42,Kerry
1946,130.87,27.36,20.5,17.83,Kerry
1947,117.48,27.84,19,15.45,Kerry
1948,126.33,21.82,20.08,16.42,Kerry
1949,110.44,18.72,19.25,16.25,Kerry
1950,119.84,16.34,21.75,19,Kerry
1951,128.52,23.62,21.17,17.42,Kerry
1952,105.23,22.41,18.5,14.67,Kerry
1953,110.65,25.4,17.92,14.92,Kerry
1954,128.13,21.62,22.33,18.33,Kerry
1955,96.67,21.12,17.42,14.58,Kerry
1956,110.38,18.68,21.25,16.75,Kerry
1957,106.33,21.93,18.25,16.58,Kerry
1958,130.52,22.74,21.33,18.75,Kerry
1959,117.84,22.29,18.33,16.08,Kerry
1960,133.27,22.55,20.92,17.83,Kerry
1961,109.52,21.71,19.17,16.17,Kerry
1962,116.85,22.72,19.33,15.5,Kerry
1963,111.89,23.48,19.17,16.5,Kerry
1964,117.2,23.18,19.42,14.83,Kerry
1965,119.14,20.01,20.25,17,Kerry
1966,119.92,17.9,21.42,18.33,Kerry
1967,121.49,21.36,21.42,18,Kerry
1968,107.75,20.2,18.17,15.17,Kerry
1969,97.19,17.37,20.25,16.17,Kerry
1970,126.68,19.88,21.67,17.58,Kerry
1971,90.99,20.05,16.92,13.75,Kerry
1972,105.43,21.3,19.17,15.83,Kerry
1973,117.63,23.08,20,15.08,Kerry
1974,130.38,19.49,22.33,18,Kerry
1975,99.83,19.28,18.5,14.5,Kerry
1976,99.81,18.6,20,16.5,Kerry
1977,95.32,17.19,17.56,14.56,Kerry
1978,107.94,18.38,21.25,17.88,Kerry
1979,143.06,21.24,22.3,18.5,Kerry
1980,128.78,29.4,22.08,17,Kerry
1981,117.86,17.07,21.08,17.75,Kerry
1982,141.3,22.92,21.33,18.25,Kerry
1983,120.1,22.08,17.92,16.08,Kerry
1984,110.53,20.43,17.44,13.56,Kerry
1985,119.99,25.31,20.5,15.9,Kerry
1986,127.51,21.91,21.73,16.73,Kerry
1987,92.74,20.56,21.12,14.38,Kerry
1988,122.34,23.69,19.67,15.33,Kerry
1989,122.37,21.07,20.25,17.42,Kerry
1990,126.12,18.95,20.92,17.5,Kerry
1991,111.46,20.23,21.5,16,Kerry
1992,120.01,20.46,22.2,17.7,Kerry
1993,111.35,20.18,21.73,16.55,Kerry
1994,125.24,20.55,22.33,17.75,Kerry
1995,117.99,22.68,19.33,15.58,Kerry
1996,97.37,18.69,18.18,14.91,Kerry
1997,113.58,22.89,18.92,15.25,Kerry
1998,139.7,23.68,24.45,18.55,Kerry
1999,136.36,22.58,22,18.4,Kerry
2000,141.38,24.91,22.67,19.67,Kerry
2001,89.25,20.08,20,14.64,Kerry
2002,129.17,21.59,21.58,17.67,Kerry
2003,94.09,18.61,19,14.08,Kerry
2004,117.91,26.67,21.25,15.25,Kerry
2005,115.27,25.14,21.42,15.58,Kerry
2006,119,20.89,20.42,16.33,Kerry
2007,120.08,23.77,21.5,16.58,Kerry
2008,155.45,29.21,23.33,17.75,Kerry
2009,144.97,21.91,23.75,17.67,Kerry
2010,94.42,17.14,20.73,14.09,Kerry
2011,130.03,21.44,22.5,18.83,Kerry
2012,136.66,20.78,23.25,18.58,Kerry
2013,117.22,21.68,20.58,14.92,Kerry
2014,123.75,24.26,23,18.18,Kerry
2015,138.02,23.81,22.33,18.5,Kerry
2016,113.94,21.71,20.5,16.17,Kerry
2017,123.57,24.95,23.42,17.83,Kerry
2018,116.27,23.18,21.33,16.25,Kerry
2019,108.27,18.38,22.33,15.17,Kerry
1941,60.33,14.5,16.75,12,Dublin
1942,52.96,11.08,15.92,11.33,Dublin
1943,54.27,12.22,18.08,10.67,Dublin
1944,57.73,13.75,18.83,11.17,Dublin
1945,43.55,13.05,15.83,9.67,Dublin
1946,67.74,16.02,17.33,12.67,Dublin
1947,72.01,17.94,15.92,12.83,Dublin
1948,62.15,15.45,17.5,12.08,Dublin
1949,42.33,14.36,14.75,9.33,Dublin
1950,54.46,14.78,17.08,12.25,Dublin
1951,61.22,15.98,15.33,11.67,Dublin
1952,55.67,15.92,12.33,10.25,Dublin
1953,36.27,9.62,12,8.67,Dublin
1954,62.75,16.55,16.25,12.25,Dublin
1955,54.52,14.78,13,10.33,Dublin
1956,65.42,18.99,15.58,11.42,Dublin
1957,56.38,16.18,15.33,10.83,Dublin
1958,77.03,18.47,17.58,12,Dublin
1959,48.68,13.63,13.33,8.75,Dublin
1960,75.53,16.98,18,11.58,Dublin
1961,43.88,15.28,14.17,8.83,Dublin
1962,45.63,12.01,15.25,9,Dublin
1963,54.07,16.09,13.7,10.5,Dublin
1964,51.62,12.5,16,9.83,Dublin
1965,73.89,21.18,18,12.25,Dublin
1966,77.67,21.21,15.5,12.25,Dublin
1967,58.03,15.34,14.92,10.75,Dublin
1968,54.9,15.57,14.27,10.18,Dublin
1969,55.85,14.68,13,9.75,Dublin
1970,53.18,13.65,13.12,9.12,Dublin
1971,45.1,18.27,10,6.5,Dublin
1972,75.93,17.87,16.67,13.33,Dublin
1973,58.83,15.07,12.2,9.2,Dublin
1974,59.7,14.01,13.78,10.67,Dublin
1975,38.34,12.79,11.6,9,Dublin
1976,52.68,12.17,12.09,9.73,Dublin
1977,50.16,15.64,13.2,10.3,Dublin
1978,62.83,15.98,11.64,10,Dublin
1979,55.65,11.97,13.7,10.7,Dublin
1980,63.5,14.99,15.27,11,Dublin
1981,64.35,16.64,15.08,11,Dublin
1982,59.5,13.06,15.75,10.92,Dublin
1983,56.69,16.74,13.08,10.92,Dublin
1984,57.46,18.63,11.64,9.64,Dublin
1985,62.94,18.78,13.33,11.17,Dublin
1986,66.43,25.62,14.17,10.17,Dublin
1987,44.82,12.68,14.44,10.44,Dublin
1988,44.99,11.36,13.88,9.5,Dublin
1989,44.87,16.98,12.17,8.83,Dublin
1990,46.67,8.21,12.33,7.67,Dublin
1991,50.06,13.69,12.44,9.33,Dublin
1992,46.1,12.47,12.75,8.62,Dublin
1993,55.84,12.28,15.12,9.75,Dublin
1994,66.99,13.92,16.27,12.09,Dublin
1995,70.58,23.04,15.62,11.5,Dublin
1996,58.56,15.99,13.92,9.83,Dublin
1997,57.33,16.8,13.33,9.75,Dublin
1998,60.36,16.21,16.2,11.4,Dublin
1999,49.65,13.53,13.36,9.91,Dublin
2000,74.61,21.39,17.57,13,Dublin
2001,47.29,12.74,14.22,9,Dublin
2002,81.2,17.89,18,13.56,Dublin
2003,45.75,16.13,11.5,7.7,Dublin
2004,51.35,14.28,12.83,9.5,Dublin
2005,48.74,14.52,13.17,9.33,Dublin
2006,52.31,12.51,13.64,9.36,Dublin
2007,54.2,12.64,14.17,10.33,Dublin
2008,71.97,17.31,14.08,10.83,Dublin
2009,61.8,18.61,13.91,10.18,Dublin
2010,56.99,16.31,11.78,8.22,Dublin
2011,49.12,17.37,13.75,8.92,Dublin
2012,70.58,21.71,16.17,11.42,Dublin
2013,59.88,15.29,13.17,9.5,Dublin
2014,75.04,18.38,15,12,Dublin
2015,58.92,14.29,15,12,Dublin
2016,52.04,14.81,13.33,9.75,Dublin
2017,47.55,14.18,12.5,9.75,Dublin
2018,49.57,12.25,13.09,9.64,Dublin
2019,41.62,11.98,13,8.33,Dublin
1948,304.55,67.55,24.5,21,Cork
1949,149.09,34.5,19.33,15.08,Cork
1950,177.6,28.2,21.14,17.57,Cork
1951,172.56,42.43,23.83,18.33,Cork
1952,129.27,29.55,17.83,14.17,Cork
1953,134.6,33.97,18.42,14.33,Cork
1954,182.27,31.72,21.42,18.67,Cork
1955,133.81,29.96,16.42,13.25,Cork
1956,152.56,31.93,18.92,15.25,Cork
1957,154.4,29.98,18.42,15.42,Cork
1958,174.6,33.87,21.83,18.42,Cork
1959,164.82,33.67,17.33,15.25,Cork
1960,202.18,37.98,21.17,17.5,Cork
1961,162.46,33.98,18.33,15.08,Cork
1962,148.6,39.13,18.67,15.33,Cork
1963,162.36,32.62,22.25,17.5,Cork
1964,168.87,38.16,20.25,16.42,Cork
1965,168.64,27.38,20.5,16.92,Cork
1966,175.38,35.62,20.25,17.67,Cork
1967,157.07,28.67,20.5,17.42,Cork
1968,155.72,30.96,20,16,Cork
1969,123.16,28.3,17.08,15,Cork
1970,162.34,30.01,18.75,16.67,Cork
1971,119.92,25.13,16.33,14.33,Cork
1972,170.91,31.69,18,16.58,Cork
1973,141.33,36.19,17.92,15.92,Cork
1974,182.02,30.55,20.25,18.17,Cork
1975,149.48,31.23,18.5,15.5,Cork
1976,146.35,29.66,17.75,15.83,Cork
1977,183.55,31.25,19.5,16.75,Cork
1978,157.18,29.57,18.45,15.82,Cork
1979,165.51,30.11,19.78,18.33,Cork
1980,180.98,35.68,20.91,17.18,Cork
1981,162.23,32.44,19.25,16.5,Cork
1982,198.27,38.93,21.33,18.17,Cork
1983,114.98,30.02,13.2,11.4,Cork
1984,142.62,28.98,16.92,13.5,Cork
1985,161.83,35.79,19.75,15.67,Cork
1986,180.12,33.77,20.09,16.91,Cork
1987,149.69,28.86,14.33,11.67,Cork
1988,182.31,39.59,0,0,Cork
1989,166.95,28,5,4,Cork
1990,157.43,25.05,0,0,Cork
1991,147.44,35.25,2,1,Cork
1992,131.4,33.5,0,0,Cork
1993,160.86,32.13,0,0,Cork
1994,197.58,27.1,0,0,Cork
1995,171.29,36.28,0,0,Cork
1996,164.67,30.3,10.5,7.5,Cork
1997,161.05,45.55,13.33,10.67,Cork
1998,168.7,32.38,21,18,Cork
1999,182.36,36.1,17.67,15.67,Cork
2000,186.75,26.3,20,17.17,Cork
2001,129.28,30.54,18,14.7,Cork
2002,195.27,35.8,26.75,24.25,Cork
2003,133.17,38.65,17.11,14.78,Cork
2004,167.55,49,17.38,14.88,Cork
2005,149.02,32.78,18.88,15.75,Cork
2006,174.48,38.8,19.5,17.1,Cork
2007,130.8,26.58,18.12,16,Cork
2008,157.65,33.2,18.86,16.29,Cork
2009,208.78,46.3,12.33,10,Cork
2010,125.92,30.2,15.67,13,Cork
2011,173.58,27.8,13.67,12.33,Cork
2012,169.36,33.33,0,0,Cork
2013,183.12,44.85,17.62,14.62,Cork
2014,202.9,26.56,22.2,18.9,Cork
2015,233.46,37.44,22.08,18.58,Cork
2016,161.59,32.51,20.17,16.58,Cork
2017,152.82,35.25,20.8,16.5,Cork
2018,163.86,33.41,19.12,14.75,Cork
2019,157.93,31.97,18.83,14.83,Cork
